Orario,Log
2025-12-09 17:21:59,tuttoCompreso.py/ üöÄ Avvio pulisciCartelle()...
2025-12-09 17:21:59,PulisciCartelle.py/ üßπ Pulizia della cartella: /Users/marcofilannino/Desktop/Bot-Python---Automazione-prodotti-alibaba/PagineHtml
2025-12-09 17:21:59,PulisciCartelle.py/ üßπ Pulizia della cartella: /Users/marcofilannino/Desktop/Bot-Python---Automazione-prodotti-alibaba/All
2025-12-09 17:21:59,PulisciCartelle.py/ üßπ Pulizia della cartella: /Users/marcofilannino/Desktop/Bot-Python---Automazione-prodotti-alibaba/filePuliti
2025-12-09 17:21:59,"tuttoCompreso.py/ ‚úÖ pulisciCartelle completato!
"
2025-12-09 17:21:59,tuttoCompreso.py/ üöÄ Avvio primoLancio()...
2025-12-09 17:21:59,navigazione.py/ üöÄ Leggo nuovaLetturaExcel.
2025-12-09 17:21:59,nuovaLetturaExcel.py/ Percorso del file macro.xlsx: /Users/marcofilannino/Desktop/Bot-Python---Automazione-prodotti-alibaba/file/macro.xlsx
2025-12-09 17:21:59,navigazione.py/ ‚ÑπÔ∏è Lunghezza della lista 'Ricerca': 2
2025-12-09 17:22:07,letturaExcel.py/ Percorso del file macro.xlsx: /Users/marcofilannino/Desktop/Bot-Python---Automazione-prodotti-alibaba/file/macro.xlsx
2025-12-09 17:22:07,navigazione.py/ üîé Avvio ricerca 1 : Rapporto 1/2...
2025-12-09 17:22:10,navigazione.py/ üîé Clicco il tasto di ricerca
2025-12-09 17:22:18,navigazione.py/ Lancio Lettura Excel per ricerca
2025-12-09 17:22:18,letturaExcel.py/ Percorso del file macro.xlsx: /Users/marcofilannino/Desktop/Bot-Python---Automazione-prodotti-alibaba/file/macro.xlsx
2025-12-09 17:22:18,navigazione.py/ üîé Ricerca da effettuare: -- test
2025-12-09 17:22:30,letturaExcel.py/ Percorso del file macro.xlsx: /Users/marcofilannino/Desktop/Bot-Python---Automazione-prodotti-alibaba/file/macro.xlsx
2025-12-09 17:22:30,letturaExcel.py/ Percorso del file macro.xlsx: /Users/marcofilannino/Desktop/Bot-Python---Automazione-prodotti-alibaba/file/macro.xlsx
2025-12-09 17:22:30,utils.py/ ‚öôÔ∏è MODALITA' SVILUPPO - base_dir: /Users/marcofilannino/Desktop/Bot-Python---Automazione-prodotti-alibaba
2025-12-09 17:22:30,utils.py/ ‚öôÔ∏è Creando cartella: /Users/marcofilannino/Desktop/Bot-Python---Automazione-prodotti-alibaba/PagineHtml
2025-12-09 17:22:30,utils.py/ ‚úÖ Cartella creata/verificata: /Users/marcofilannino/Desktop/Bot-Python---Automazione-prodotti-alibaba/PagineHtml
2025-12-09 17:22:31,dataFrameHtml.py/ ‚úÖ Prodotti unici: 48
2025-12-09 17:22:31,dataFrameHtml.py ‚úÖ File Excel salvato in: /Users/marcofilannino/Desktop/Bot-Python---Automazione-prodotti-alibaba/PagineHtml/1-carta.xlsx
2025-12-09 17:22:40,cambiaPagina.py/ ‚û°Ô∏è Pagina cambiata con successo.
2025-12-09 17:22:45,utils.py/ ‚öôÔ∏è MODALITA' SVILUPPO - base_dir: /Users/marcofilannino/Desktop/Bot-Python---Automazione-prodotti-alibaba
2025-12-09 17:22:45,utils.py/ ‚öôÔ∏è Creando cartella: /Users/marcofilannino/Desktop/Bot-Python---Automazione-prodotti-alibaba/PagineHtml
2025-12-09 17:22:45,utils.py/ ‚úÖ Cartella creata/verificata: /Users/marcofilannino/Desktop/Bot-Python---Automazione-prodotti-alibaba/PagineHtml
2025-12-09 17:22:46,dataFrameHtml.py/ ‚úÖ Prodotti unici: 48
2025-12-09 17:22:46,dataFrameHtml.py ‚úÖ File Excel salvato in: /Users/marcofilannino/Desktop/Bot-Python---Automazione-prodotti-alibaba/PagineHtml/1-01-carta.xlsx
2025-12-09 17:22:55,cambiaPagina.py/ ‚û°Ô∏è Pagina cambiata con successo.
2025-12-09 17:23:00,utils.py/ ‚öôÔ∏è MODALITA' SVILUPPO - base_dir: /Users/marcofilannino/Desktop/Bot-Python---Automazione-prodotti-alibaba
2025-12-09 17:23:00,utils.py/ ‚öôÔ∏è Creando cartella: /Users/marcofilannino/Desktop/Bot-Python---Automazione-prodotti-alibaba/PagineHtml
2025-12-09 17:23:00,utils.py/ ‚úÖ Cartella creata/verificata: /Users/marcofilannino/Desktop/Bot-Python---Automazione-prodotti-alibaba/PagineHtml
2025-12-09 17:23:01,dataFrameHtml.py/ ‚úÖ Prodotti unici: 48
2025-12-09 17:23:01,dataFrameHtml.py ‚úÖ File Excel salvato in: /Users/marcofilannino/Desktop/Bot-Python---Automazione-prodotti-alibaba/PagineHtml/1-02-carta.xlsx
2025-12-09 17:23:01,navigazione.py/ ‚úÖ Ricerca 1/2 completata
2025-12-09 17:23:01,"navigazione.py/ ‚úÖ Ciclo completato, modifico la macro"
2025-12-09 17:23:01,letturaExcel.py/ Percorso del file macro.xlsx: /Users/marcofilannino/Desktop/Bot-Python---Automazione-prodotti-alibaba/file/macro.xlsx
2025-12-09 17:23:01,letturaExcel.py/ Percorso del file macro.xlsx: /Users/marcofilannino/Desktop/Bot-Python---Automazione-prodotti-alibaba/file/macro.xlsx
2025-12-09 17:23:01,modificaExcel.py/ ‚úÖ La cella A2 √® stata modificata correttamente in macro.xlsx
2025-12-09 17:23:01,modificaMacro.py/ ‚úÖ Processo aumentato: 2
2025-12-09 17:23:01,modificaMacro.py/ üîÑ Nuovo numeroProcesso: 2
2025-12-09 17:23:01,letturaExcel.py/ Percorso del file macro.xlsx: /Users/marcofilannino/Desktop/Bot-Python---Automazione-prodotti-alibaba/file/macro.xlsx
2025-12-09 17:23:01,navigazione.py/ üîé Avvio ricerca 2 : Rapporto 2/2...
2025-12-09 17:23:04,navigazione.py/ üîé Clicco il tasto di ricerca
2025-12-09 17:23:12,navigazione.py/ Lancio Lettura Excel per ricerca
2025-12-09 17:23:12,letturaExcel.py/ Percorso del file macro.xlsx: /Users/marcofilannino/Desktop/Bot-Python---Automazione-prodotti-alibaba/file/macro.xlsx
2025-12-09 17:23:12,navigazione.py/ üîé Ricerca da effettuare: -- test2
